h_tx__meter,h_rx__meter,tx_siting_criteria,rx_siting_criteria,d__km,delta_h__meter,climate,N_0,f__mhz,pol,epsilon,sigma,mdvar,time,location,situation,A__db
30.0,3.0,0,0,20.0,10.0,5,301.0,150.0,0,15.0,0.005,1,50.0,50.0,50.0,133.70543
50.0,5.0,1,0,50.0,30.0,6,315.0,300.0,1,20.0,0.01,2,60.0,70.0,80.0,156.754634
100.0,10.0,2,1,80.0,60.0,2,330.0,600.0,0,25.0,0.015,3,70.0,60.0,55.0,166.977419
20.0,2.0,0,2,35.0,5.0,3,340.0,900.0,1,30.0,0.02,0,80.0,50.0,60.0,152.253053
75.0,8.0,1,1,100.0,90.0,4,325.0,450.0,0,18.0,0.008,1,55.0,75.0,65.0,177.640297
