h_tx__meter,h_rx__meter,climate,N_0,f__mhz,pol,epsilon,sigma,mdvar,time,location,situation,A__db
50.0,5.0,5.0,310.0,300.0,0.0,15.0,0.005,3.0,50.0,50.0,50.0,111.60166273173301
75.0,10.0,5.0,320.0,500.0,1.0,20.0,0.01,3.0,60.0,70.0,80.0,120.67935414093458
60.0,8.0,5.0,315.0,900.0,0.0,25.0,0.008,3.0,55.0,65.0,75.0,146.874489953147
100.0,3.0,5.0,330.0,200.0,1.0,30.0,0.015,3.0,45.0,55.0,85.0,106.20180622416486
30.0,2.0,5.0,340.0,800.0,0.0,18.0,0.003,3.0,70.0,80.0,90.0,221.24878336085803
